Ticket,Status,severity,client,date,time(in minutes),comments
596516650,closed,medium,android,24-august-2014,55,why is your product so faulty?
540383427,open,medium,youtube,20-march-2014,15,how much time will it take?
278722863,open,high,gmail,28-september-2008,25,what went wrong?
125898168,open,low,drive,13-june-2012,40,why is your product so faulty?
608413785,open,low,youtube,10-november-2008,25,why is your product so faulty?
424268981,closed,medium,youtube,1-december-2011,15,okay it just stopped working. no problem.
937477085,open,low,alphabet,17-march-2009,50,why is your product not secure?
84353896,open,high,youtube,10-november-2012,45,okay it just stopped working. no problem.
477171088,open,low,calendar,15-april-2011,50,what went wrong?
474612400,open,high,youtube,25-september-2015,5,please fix wifi services at the earliest
469348095,open,medium,drive,20-january-2013,5,what went wrong?
927612903,closed,low,chrome,29-march-2007,20,what kinda product did you make?
194953866,open,high,google,2-september-2009,5,okay it just stopped working. no problem.
7905772,closed,medium,alphabet,10-may-2016,25,what kinda product did you make?
327254587,open,high,gcloud,28-august-2016,60,how much time will it take?
120048830,open,low,nexus,15-december-2010,55,something went wrong now i need this urgently.
200747797,open,medium,android,29-january-2007,60,why is your product so faulty?
622597489,open,high,alphabet,22-march-2012,15,why is your product so faulty?
869470125,open,high,google,14-march-2008,45,please resolve it.
760281937,open,medium,chrome,22-april-2013,60,please resolve it.
653468859,open,low,chrome,6-may-2014,60,what went wrong?
987231012,open,high,nexus,14-april-2014,30,something went wrong now i need this urgently.
352118607,open,high,youtube,14-may-2013,50,please fix wifi services at the earliest
680466997,open,low,gmail,19-january-2015,25,what is the status now?
601385645,open,medium,gmail,21-december-2007,20,please resolve it.
820388465,open,high,gmail,17-march-2016,30,what is the status now?
34949300,open,high,alphabet,9-may-2012,20,okay it just stopped working. no problem.
369321802,open,medium,alphabet,23-may-2015,55,why is your product so faulty?
977648523,open,medium,gcloud,1-june-2015,35,how much time will it take?
201305625,open,low,calendar,9-july-2013,45,something went wrong now i need this urgently.
707900974,open,high,google,10-december-2009,5,what is the status now?
973387982,closed,low,google,15-february-2007,50,how much time will it take?
850952927,closed,high,nexus,14-october-2016,25,what kinda product did you make?
237379108,open,low,gcloud,15-november-2007,45,why is your product not secure?
387451660,open,medium,drive,18-july-2016,5,something went wrong now i need this urgently.
476667373,open,low,gcloud,18-july-2007,45,what kinda product did you make?
797073941,open,medium,calendar,22-august-2016,40,how much time will it take?
155789225,open,medium,calendar,21-december-2015,30,okay it just stopped working. no problem.
253207673,open,medium,calendar,1-february-2013,30,what went wrong?
446340714,closed,high,google,20-march-2012,10,what is the status now?
114937733,open,low,alphabet,30-march-2011,15,please fix wifi services at the earliest
246247256,open,high,youtube,30-december-2011,15,something went wrong now i need this urgently.
857962505,open,high,android,14-may-2016,55,what is the status now?
114723507,open,medium,calendar,10-july-2011,10,why is your product so faulty?
277849959,open,medium,gmail,19-january-2009,10,please resolve it.
280321649,open,medium,youtube,9-february-2015,5,please fix wifi services at the earliest
775473789,open,high,gmail,9-july-2014,35,what is the status now?
671294893,open,high,youtube,14-august-2007,30,okay it just stopped working. no problem.
679895437,open,low,nexus,26-may-2009,50,why is your product not secure?
332266749,open,medium,nexus,15-january-2008,15,what is the status now?
186090429,open,high,youtube,20-october-2011,15,why is your product not secure?
812282135,open,high,gmail,19-december-2008,45,why is your product so faulty?
328298286,open,medium,gmail,25-april-2012,45,what kinda product did you make?
12260290,open,high,nexus,11-october-2012,60,what kinda product did you make?
402961683,open,low,calendar,24-december-2009,25,okay it just stopped working. no problem.
410409118,open,low,alphabet,3-march-2016,50,what is the status now?
184214678,open,high,android,1-october-2008,30,why is your product so faulty?
137390359,open,high,calendar,18-may-2013,35,please resolve it.
564325579,open,medium,calendar,7-july-2007,55,what went wrong?
314218594,open,low,alphabet,11-december-2007,35,what kinda product did you make?
788014413,open,high,android,25-november-2009,40,okay it just stopped working. no problem.
970925434,open,high,android,15-october-2016,15,what kinda product did you make?
251300607,open,high,calendar,11-november-2015,25,okay it just stopped working. no problem.
471990784,open,low,chrome,20-october-2014,10,what is the status now?
930772758,open,medium,youtube,10-june-2010,15,why is your product so faulty?
77211389,open,medium,nexus,20-january-2016,20,please resolve it.
712633418,closed,medium,nexus,4-february-2014,30,please resolve it.
968217463,open,medium,youtube,5-november-2010,30,what kinda product did you make?
452888575,open,high,android,18-august-2009,15,what went wrong?
983614031,open,high,chrome,2-april-2008,40,how much time will it take?
372261797,open,low,drive,17-may-2008,30,please fix wifi services at the earliest
586235380,open,low,google,22-july-2007,15,please resolve it.
358984858,open,high,youtube,7-january-2013,10,okay it just stopped working. no problem.
257675106,open,medium,gcloud,11-december-2008,20,please resolve it.
937558956,open,medium,calendar,6-april-2011,50,why is your product so faulty?
617876983,open,medium,android,9-october-2015,10,please resolve it.
909850544,open,low,youtube,17-march-2010,15,okay it just stopped working. no problem.
672032920,open,high,drive,18-december-2010,15,please resolve it.
524305154,closed,medium,android,27-june-2011,45,what is the status now?
551836837,open,low,google,2-october-2015,10,why is your product so faulty?
566369634,open,high,calendar,1-march-2007,60,why is your product so faulty?
122336504,open,medium,android,2-january-2010,10,something went wrong now i need this urgently.
460686764,open,medium,google,20-december-2012,15,something went wrong now i need this urgently.
434433519,open,high,gcloud,1-february-2008,5,okay it just stopped working. no problem.
140384173,open,high,alphabet,20-may-2009,35,how much time will it take?
46370348,open,medium,nexus,3-april-2007,35,okay it just stopped working. no problem.
982945083,open,low,drive,20-march-2010,35,what is the status now?
356684279,open,low,nexus,4-november-2011,5,something went wrong now i need this urgently.
207026273,open,medium,nexus,12-april-2009,15,what kinda product did you make?
595311777,open,low,android,18-october-2012,35,what went wrong?
980356729,open,high,youtube,14-august-2008,55,what kinda product did you make?
417076377,closed,medium,calendar,19-january-2007,10,why is your product not secure?
649709017,open,high,gmail,10-december-2009,60,please fix wifi services at the earliest
931489115,open,low,gmail,29-january-2016,10,please resolve it.
954696533,open,medium,youtube,18-august-2013,30,please fix wifi services at the earliest
280311132,open,medium,google,20-july-2012,10,what went wrong?
694887983,open,high,youtube,2-june-2011,50,why is your product so faulty?
785550552,closed,medium,calendar,16-may-2012,20,how much time will it take?
623380596,open,medium,android,17-october-2011,25,okay it just stopped working. no problem.
431742588,open,high,calendar,17-april-2014,35,what kinda product did you make?
412277686,open,low,google,14-july-2008,15,what went wrong?
384095821,open,medium,calendar,4-july-2007,30,why is your product not secure?
267889619,open,high,google,6-august-2015,50,what went wrong?
772634226,open,medium,google,22-july-2015,30,why is your product so faulty?
730418658,open,low,drive,19-june-2014,55,something went wrong now i need this urgently.
928140529,open,low,alphabet,2-june-2013,20,okay it just stopped working. no problem.
646755200,open,low,chrome,24-november-2015,15,what kinda product did you make?
396377018,open,medium,chrome,30-october-2014,40,what went wrong?
60975267,open,low,android,15-march-2015,40,how much time will it take?
779289673,open,low,nexus,24-september-2015,15,please fix wifi services at the earliest
745598383,open,medium,youtube,18-june-2007,10,please resolve it.
411522958,open,high,alphabet,5-august-2011,30,how much time will it take?
737703663,open,low,gcloud,2-may-2009,30,please resolve it.
771476365,open,low,android,24-july-2014,60,what went wrong?
289360872,open,high,chrome,18-september-2008,40,what is the status now?
143195512,open,low,google,12-november-2013,20,what is the status now?
85291639,open,high,drive,2-december-2008,10,what kinda product did you make?
987706142,open,low,calendar,15-may-2016,5,okay it just stopped working. no problem.
20406650,open,medium,gcloud,21-may-2016,15,what went wrong?
978701536,open,low,youtube,27-july-2011,30,please resolve it.
347584265,open,medium,gmail,30-july-2010,10,what went wrong?
450099356,open,high,youtube,24-june-2012,25,something went wrong now i need this urgently.
213213172,open,medium,youtube,11-september-2015,10,something went wrong now i need this urgently.
910210051,open,high,alphabet,22-october-2007,30,please fix wifi services at the earliest
592456290,open,medium,calendar,23-may-2012,15,what is the status now?
990526344,open,high,youtube,7-august-2015,50,please resolve it.
970090193,open,high,alphabet,7-april-2008,25,please resolve it.
396005217,open,high,calendar,3-august-2015,35,what kinda product did you make?
692713934,open,medium,chrome,14-may-2014,30,why is your product so faulty?
896925394,open,high,gcloud,24-october-2015,5,okay it just stopped working. no problem.
124734563,open,medium,gmail,10-march-2012,5,something went wrong now i need this urgently.
24027584,open,medium,google,13-june-2007,40,please resolve it.
962980711,open,high,chrome,9-august-2015,25,what kinda product did you make?
115227668,open,medium,nexus,2-june-2007,30,what is the status now?
254749155,open,medium,gmail,16-april-2007,60,what kinda product did you make?
917609664,open,low,youtube,11-june-2009,30,why is your product not secure?
122551743,open,high,alphabet,30-june-2011,20,okay it just stopped working. no problem.
415675635,open,low,gcloud,26-june-2012,55,what is the status now?
549495355,open,low,youtube,24-april-2009,60,why is your product so faulty?
819485270,open,high,nexus,14-april-2016,45,please resolve it.
947691088,open,high,gmail,15-april-2010,25,something went wrong now i need this urgently.
28363611,open,low,chrome,23-december-2007,10,why is your product so faulty?
424321893,open,medium,gmail,8-august-2011,45,something went wrong now i need this urgently.
129834448,open,low,alphabet,30-december-2012,15,how much time will it take?
719650354,open,medium,alphabet,10-august-2009,30,what is the status now?
750679665,open,high,chrome,7-september-2011,45,why is your product not secure?
730832934,open,high,calendar,25-july-2007,45,how much time will it take?
695991609,open,high,gmail,28-december-2009,50,please resolve it.
718264802,open,medium,android,12-march-2012,50,what kinda product did you make?
144874090,closed,high,youtube,26-may-2008,45,why is your product not secure?
363304214,open,high,gcloud,1-january-2015,55,okay it just stopped working. no problem.
442982640,open,high,android,29-march-2007,20,why is your product not secure?
992865129,open,high,drive,30-march-2015,20,okay it just stopped working. no problem.
541417541,closed,low,nexus,24-march-2008,25,okay it just stopped working. no problem.
832077646,open,medium,android,19-march-2013,5,how much time will it take?
922587543,open,medium,youtube,24-december-2016,35,what went wrong?
396342014,closed,medium,google,17-may-2011,60,why is your product not secure?
25251991,open,high,drive,13-november-2007,40,okay it just stopped working. no problem.
281944977,open,low,alphabet,18-november-2012,60,why is your product so faulty?
457676441,closed,high,drive,1-april-2008,45,what is the status now?
127052252,open,medium,gcloud,24-september-2012,20,what kinda product did you make?
17565626,open,high,android,5-august-2007,20,what kinda product did you make?
29621932,open,high,alphabet,15-august-2014,20,what kinda product did you make?
116423769,open,medium,youtube,30-july-2014,45,why is your product so faulty?
145854099,open,medium,calendar,9-november-2010,20,okay it just stopped working. no problem.
160063180,open,high,android,19-april-2009,15,why is your product not secure?
10764798,open,medium,nexus,13-october-2015,35,what went wrong?
33261901,open,low,drive,27-january-2009,40,please fix wifi services at the earliest
946710050,closed,medium,alphabet,26-december-2009,50,why is your product so faulty?
85206798,open,high,android,4-july-2013,30,please resolve it.
20432101,closed,high,calendar,22-may-2012,30,why is your product so faulty?
343457915,open,low,gmail,24-june-2016,25,okay it just stopped working. no problem.
54306630,open,low,gcloud,21-march-2012,20,something went wrong now i need this urgently.
812247777,open,low,android,26-november-2016,5,what kinda product did you make?
212295101,open,low,gcloud,13-may-2013,50,okay it just stopped working. no problem.
38828827,open,medium,calendar,3-december-2013,50,please fix wifi services at the earliest
33063,open,medium,gcloud,15-december-2011,10,please fix wifi services at the earliest
78480870,open,low,chrome,25-january-2009,15,why is your product so faulty?
468519717,open,low,drive,5-september-2011,60,why is your product not secure?
194064089,open,high,drive,22-april-2014,20,how much time will it take?
918483163,open,medium,nexus,25-february-2008,25,what kinda product did you make?
891066488,open,high,alphabet,7-august-2013,15,what went wrong?
391927495,open,medium,youtube,14-july-2007,45,please resolve it.
767110752,open,high,android,5-march-2011,10,why is your product so faulty?
880492500,open,high,alphabet,9-october-2008,10,how much time will it take?
353673392,open,low,gcloud,20-january-2011,40,okay it just stopped working. no problem.
94613282,open,high,gcloud,28-august-2010,40,what is the status now?
817049765,open,high,gcloud,19-december-2008,15,what is the status now?
96617458,open,high,android,5-august-2007,50,okay it just stopped working. no problem.
745792350,open,high,drive,21-august-2016,50,what went wrong?
634172026,open,low,android,4-september-2007,35,something went wrong now i need this urgently.
992232984,open,medium,chrome,21-may-2007,10,why is your product not secure?
104665170,open,low,chrome,26-june-2013,50,what is the status now?
729568617,open,medium,alphabet,14-september-2015,60,what is the status now?
204428609,open,low,android,2-may-2009,60,okay it just stopped working. no problem.
126362174,open,low,nexus,11-november-2012,25,what went wrong?
230674397,open,low,alphabet,28-june-2011,40,why is your product so faulty?
579952367,open,high,android,20-may-2007,35,please resolve it.
310273414,open,low,alphabet,24-november-2008,60,please resolve it.
612816072,open,medium,alphabet,6-september-2009,40,please fix wifi services at the earliest
285830505,open,medium,drive,21-september-2007,60,why is your product so faulty?
973521091,open,high,chrome,25-june-2015,60,okay it just stopped working. no problem.
182176621,open,medium,android,8-february-2011,15,what is the status now?
95266357,open,medium,calendar,17-may-2007,60,what kinda product did you make?
438485375,open,medium,nexus,30-april-2015,15,okay it just stopped working. no problem.
267040927,open,medium,gmail,16-october-2007,30,please fix wifi services at the earliest
820042349,open,medium,drive,1-october-2016,35,what went wrong?
961415140,open,low,gmail,28-june-2014,50,how much time will it take?
656241708,open,high,drive,1-september-2012,15,please fix wifi services at the earliest
572255141,open,low,nexus,26-february-2007,45,why is your product so faulty?
963964192,open,medium,calendar,12-december-2012,60,please resolve it.
85308423,open,medium,drive,19-march-2007,45,why is your product so faulty?
576279546,open,medium,nexus,21-july-2015,30,please resolve it.
304438549,closed,low,android,8-october-2014,55,please resolve it.
335077590,open,medium,alphabet,10-september-2007,35,why is your product not secure?
401262338,open,low,chrome,13-may-2009,45,please resolve it.
502390524,open,low,calendar,6-november-2016,25,okay it just stopped working. no problem.
138700755,open,medium,youtube,15-october-2012,25,what kinda product did you make?
460674642,open,medium,nexus,3-january-2007,45,what is the status now?
135386148,open,low,google,11-november-2016,60,how much time will it take?
386099902,open,low,chrome,19-december-2008,10,why is your product not secure?
413892162,open,high,gcloud,8-february-2015,55,how much time will it take?
906889261,open,medium,gmail,17-december-2013,30,please resolve it.
652996967,open,low,nexus,7-march-2014,35,what kinda product did you make?
135787097,open,low,gmail,7-february-2010,40,why is your product not secure?
327727209,open,low,google,25-august-2014,45,please resolve it.
752327935,open,medium,chrome,11-november-2012,60,what is the status now?
725362298,open,low,alphabet,2-april-2010,40,what kinda product did you make?
727843429,open,low,alphabet,5-may-2008,25,what is the status now?
714481124,open,medium,youtube,3-february-2009,5,why is your product not secure?
639286230,open,low,gcloud,11-april-2008,55,what kinda product did you make?
682367564,open,low,gmail,9-december-2016,5,what went wrong?
560307072,open,low,gcloud,20-march-2011,55,why is your product not secure?
741160451,open,medium,google,10-september-2007,55,what kinda product did you make?
26416759,open,high,nexus,9-november-2007,15,how much time will it take?
831661737,open,medium,chrome,22-february-2011,5,why is your product so faulty?
944216250,open,high,google,6-june-2009,55,what went wrong?
247412083,open,high,drive,2-november-2013,40,okay it just stopped working. no problem.
533803670,open,low,nexus,4-september-2011,40,please fix wifi services at the earliest
137990261,open,low,youtube,2-august-2014,20,okay it just stopped working. no problem.
197182314,open,high,drive,4-april-2009,40,what kinda product did you make?
875470642,closed,low,gcloud,22-may-2015,10,what went wrong?
217196009,open,medium,calendar,10-july-2012,10,what kinda product did you make?
910450858,open,low,calendar,14-august-2013,5,what went wrong?
980690627,open,medium,youtube,9-january-2007,45,how much time will it take?
213735048,open,medium,gcloud,27-march-2012,10,how much time will it take?
840700574,open,high,google,21-april-2011,55,something went wrong now i need this urgently.
486235105,open,low,gcloud,27-october-2007,60,please fix wifi services at the earliest
81572602,open,low,android,12-september-2007,5,what is the status now?
81029449,open,high,nexus,2-december-2007,45,how much time will it take?
683673950,open,low,alphabet,10-january-2013,50,something went wrong now i need this urgently.
18186734,open,medium,drive,14-may-2011,50,what is the status now?
223207429,open,medium,gcloud,30-january-2007,25,what went wrong?
87479886,open,medium,gcloud,15-november-2012,10,why is your product not secure?
32684368,closed,low,calendar,21-december-2008,40,why is your product so faulty?
656527646,closed,medium,gcloud,7-february-2007,20,please resolve it.
642949731,open,medium,android,9-march-2015,45,please fix wifi services at the earliest
21424759,open,medium,nexus,21-march-2014,40,how much time will it take?
80502309,open,high,google,6-january-2014,40,why is your product so faulty?
919655805,open,low,gcloud,26-july-2009,15,what is the status now?
871001,open,low,nexus,11-february-2008,50,how much time will it take?
676314463,open,low,chrome,7-february-2015,35,how much time will it take?
416023183,open,medium,android,14-august-2015,40,how much time will it take?
376875058,open,high,calendar,2-june-2014,60,what went wrong?
243018185,open,high,nexus,21-november-2013,50,please fix wifi services at the earliest
850598624,open,medium,nexus,4-august-2012,15,something went wrong now i need this urgently.
674426556,open,low,calendar,24-october-2012,55,something went wrong now i need this urgently.
429841550,open,medium,gmail,1-march-2007,35,why is your product so faulty?
193088110,open,high,calendar,15-october-2009,30,why is your product not secure?
186896500,open,high,gcloud,20-october-2011,5,please fix wifi services at the earliest
574788778,open,low,android,20-july-2010,15,why is your product so faulty?
639854684,open,high,chrome,7-may-2015,30,how much time will it take?
358104525,open,low,youtube,28-june-2014,10,what kinda product did you make?
991241043,open,high,youtube,25-august-2011,40,how much time will it take?
815320764,open,medium,android,29-june-2013,20,what went wrong?
511658083,open,high,android,8-march-2011,15,what is the status now?
751002781,open,high,calendar,18-october-2012,10,okay it just stopped working. no problem.
595930243,open,high,youtube,19-december-2011,35,how much time will it take?
845394081,open,high,youtube,17-may-2012,50,what kinda product did you make?
732360162,open,medium,calendar,5-june-2008,50,why is your product not secure?
914500839,open,low,nexus,10-november-2008,15,what is the status now?
161922597,open,medium,nexus,20-may-2009,55,what went wrong?
615419963,open,medium,android,4-may-2015,15,please resolve it.
529695172,open,high,google,3-june-2009,55,please resolve it.
204742851,open,low,gmail,17-june-2016,25,what kinda product did you make?
475295658,open,low,drive,30-september-2013,40,what went wrong?
218942710,open,medium,android,20-december-2010,20,why is your product so faulty?
206674447,open,low,google,22-january-2012,25,what kinda product did you make?
127167745,open,medium,calendar,19-may-2016,5,why is your product so faulty?
987059620,open,medium,chrome,13-january-2009,55,please resolve it.
49561860,open,high,nexus,11-july-2015,30,why is your product so faulty?
116391569,open,low,nexus,3-may-2008,10,what is the status now?
850382212,open,medium,chrome,14-november-2016,45,please resolve it.
245491187,open,high,calendar,22-january-2010,35,what kinda product did you make?
280931766,open,medium,drive,19-april-2008,5,why is your product not secure?
335531188,open,medium,drive,9-december-2010,45,what kinda product did you make?
608112645,closed,medium,drive,22-december-2011,35,why is your product not secure?
833469977,open,medium,nexus,20-june-2009,5,why is your product not secure?
840735669,open,medium,nexus,29-july-2009,20,what kinda product did you make?
188510063,open,medium,nexus,15-january-2015,35,how much time will it take?
764324636,open,high,calendar,6-april-2011,5,what kinda product did you make?
757001843,open,high,youtube,6-august-2011,35,okay it just stopped working. no problem.
740033622,open,low,gcloud,27-september-2007,60,please fix wifi services at the earliest
604969711,open,low,youtube,23-february-2014,60,what kinda product did you make?
560268825,open,low,chrome,4-june-2007,55,what went wrong?
317875110,open,high,youtube,17-december-2015,15,okay it just stopped working. no problem.
22800097,open,medium,drive,6-november-2013,40,okay it just stopped working. no problem.
150084507,open,low,google,7-april-2011,25,why is your product so faulty?
501659819,closed,medium,drive,15-december-2011,10,why is your product so faulty?
277392188,open,high,drive,24-may-2012,25,what went wrong?
135693055,open,medium,nexus,7-february-2013,30,please resolve it.
826782913,open,low,gcloud,2-february-2016,45,what kinda product did you make?
147775928,open,medium,alphabet,7-december-2014,5,what went wrong?
403997112,open,low,calendar,8-may-2008,10,what went wrong?
524581325,open,high,alphabet,8-july-2010,10,please fix wifi services at the earliest
970034226,open,high,nexus,10-november-2013,35,what went wrong?
754963291,open,low,google,5-may-2014,35,okay it just stopped working. no problem.
220282620,closed,medium,google,13-august-2007,35,what is the status now?
653265588,open,medium,nexus,15-june-2010,25,what kinda product did you make?
736214338,open,high,youtube,23-april-2016,5,what went wrong?
6071126,open,medium,google,27-february-2013,55,okay it just stopped working. no problem.
495749340,open,medium,android,9-november-2010,10,how much time will it take?
140830431,open,high,gcloud,9-april-2009,35,please resolve it.
78175618,closed,high,alphabet,4-may-2014,35,okay it just stopped working. no problem.
945229158,open,low,chrome,8-january-2015,40,something went wrong now i need this urgently.
931525348,open,low,nexus,28-july-2009,10,what kinda product did you make?
580744478,open,low,drive,22-february-2013,5,how much time will it take?
813592587,open,high,gmail,8-november-2008,45,how much time will it take?
689155067,open,high,gmail,25-may-2010,50,what kinda product did you make?
59789836,open,high,alphabet,11-november-2014,30,what kinda product did you make?
759726504,open,high,android,16-march-2010,45,what kinda product did you make?
675161632,open,medium,android,1-december-2009,45,how much time will it take?
180082200,open,medium,chrome,17-november-2015,30,how much time will it take?
866360495,open,high,gcloud,12-april-2009,15,what is the status now?
109967655,open,high,drive,14-june-2009,25,please fix wifi services at the earliest
107920489,open,high,google,19-july-2008,15,something went wrong now i need this urgently.
905894997,open,low,calendar,18-march-2009,50,why is your product so faulty?
471398404,open,low,google,8-february-2013,60,something went wrong now i need this urgently.
596170912,closed,medium,alphabet,26-september-2012,55,please fix wifi services at the earliest
28648727,open,high,gcloud,14-december-2016,45,something went wrong now i need this urgently.
148576389,open,medium,google,11-march-2008,10,what went wrong?
524897798,open,high,google,6-june-2007,30,please fix wifi services at the earliest
781882153,open,low,gmail,24-october-2008,40,how much time will it take?
440458801,open,medium,chrome,21-april-2007,45,why is your product so faulty?
726277480,closed,high,alphabet,29-january-2011,5,what is the status now?
267774970,open,low,gcloud,13-february-2016,20,why is your product so faulty?
728671167,open,low,gcloud,26-december-2015,15,why is your product so faulty?
8285609,open,medium,nexus,27-october-2015,5,what kinda product did you make?
780238391,open,high,nexus,16-march-2014,5,okay it just stopped working. no problem.
219147070,open,low,drive,28-february-2015,15,something went wrong now i need this urgently.
743131528,open,high,gmail,7-december-2010,40,how much time will it take?
178341977,open,medium,nexus,3-december-2013,50,okay it just stopped working. no problem.
112526509,open,low,gmail,26-november-2013,40,please resolve it.
8057662,open,low,drive,21-february-2012,50,please fix wifi services at the earliest
18462070,open,high,gcloud,18-december-2008,35,why is your product so faulty?
51030531,open,high,youtube,7-january-2008,55,what went wrong?
300248474,open,medium,alphabet,20-january-2011,60,something went wrong now i need this urgently.
486363502,open,medium,drive,18-april-2009,10,please resolve it.
307964194,open,low,chrome,6-april-2012,20,please resolve it.
136416009,closed,medium,gcloud,28-january-2014,5,what went wrong?
76270888,open,low,google,18-july-2014,50,what kinda product did you make?
181010039,open,medium,youtube,7-february-2016,45,what is the status now?
93508922,open,medium,calendar,24-november-2009,30,something went wrong now i need this urgently.
449089326,open,medium,nexus,7-may-2012,50,why is your product not secure?
23762698,open,low,alphabet,19-april-2016,45,how much time will it take?
181738996,open,low,drive,7-may-2008,20,why is your product so faulty?
280981338,open,low,gmail,12-june-2011,50,what is the status now?
584401426,closed,low,android,23-june-2014,15,why is your product not secure?
62361874,open,low,android,30-october-2013,60,okay it just stopped working. no problem.
304133131,open,low,chrome,2-may-2016,40,how much time will it take?
357984241,open,low,gcloud,22-september-2015,60,what went wrong?
154073371,open,medium,gmail,30-may-2010,10,something went wrong now i need this urgently.
997191006,open,medium,calendar,16-march-2010,35,why is your product not secure?
371888681,open,medium,gcloud,10-june-2008,20,please fix wifi services at the earliest
619175680,open,low,nexus,17-may-2014,20,something went wrong now i need this urgently.
381543848,open,low,drive,7-may-2012,10,what went wrong?
331601569,open,high,nexus,27-november-2008,50,how much time will it take?
266218467,open,high,nexus,2-september-2016,55,why is your product not secure?
439140173,open,low,gcloud,26-august-2014,40,why is your product not secure?
309572887,open,high,nexus,14-may-2015,10,something went wrong now i need this urgently.
65093663,open,medium,gmail,11-november-2010,10,why is your product not secure?
693866393,open,high,android,21-august-2009,25,why is your product not secure?
228698448,open,high,calendar,16-april-2009,25,please fix wifi services at the earliest
452573033,open,high,drive,25-december-2015,35,how much time will it take?
871812299,open,medium,gcloud,14-july-2009,40,how much time will it take?
851164577,open,high,nexus,10-june-2015,35,okay it just stopped working. no problem.
568008765,open,low,nexus,10-december-2015,20,please fix wifi services at the earliest
746926211,open,low,calendar,25-february-2012,20,okay it just stopped working. no problem.
108050441,open,low,alphabet,18-february-2015,55,what is the status now?
871418853,open,high,alphabet,4-february-2011,30,what kinda product did you make?
255349947,open,medium,drive,22-may-2008,20,something went wrong now i need this urgently.
598527250,open,low,gmail,30-september-2016,35,please resolve it.
184320789,open,low,youtube,13-august-2007,10,something went wrong now i need this urgently.
262458925,closed,low,alphabet,30-april-2013,20,okay it just stopped working. no problem.
473891335,open,medium,android,27-december-2014,55,why is your product not secure?
493649293,closed,low,chrome,17-may-2013,50,why is your product so faulty?
532646387,open,low,chrome,9-february-2013,40,what kinda product did you make?
233694997,open,medium,nexus,22-october-2014,55,okay it just stopped working. no problem.
69142335,open,high,nexus,6-january-2016,45,why is your product not secure?
591313493,open,low,drive,27-november-2007,15,why is your product not secure?
41268865,open,medium,alphabet,1-september-2011,60,please resolve it.
147198698,open,high,drive,23-march-2007,35,what is the status now?
987489993,open,medium,gcloud,21-september-2016,10,something went wrong now i need this urgently.
847302721,open,medium,google,16-june-2016,30,please resolve it.
227477753,open,medium,google,10-january-2011,10,please resolve it.
568388371,open,low,nexus,12-march-2013,50,what went wrong?
818128617,open,high,alphabet,15-december-2009,10,okay it just stopped working. no problem.
91119158,open,high,android,14-november-2013,35,why is your product so faulty?
638823524,closed,medium,google,19-january-2012,15,what went wrong?
976012583,open,medium,nexus,4-september-2015,25,what went wrong?
751148991,open,high,android,24-august-2014,5,please fix wifi services at the earliest
64784083,open,high,drive,16-june-2013,60,please fix wifi services at the earliest
658787455,open,low,gmail,9-september-2012,5,something went wrong now i need this urgently.
128228876,closed,medium,alphabet,21-february-2008,45,okay it just stopped working. no problem.
592095746,open,high,nexus,12-september-2013,45,why is your product so faulty?
957873436,open,high,android,19-may-2016,20,please resolve it.
143154914,open,high,google,7-october-2007,40,what went wrong?
549387537,open,medium,youtube,12-august-2007,50,what went wrong?
555218378,closed,medium,gmail,6-february-2013,50,why is your product so faulty?
112718117,open,high,chrome,28-march-2015,20,something went wrong now i need this urgently.
373026857,open,low,youtube,10-may-2012,50,something went wrong now i need this urgently.
497905612,open,medium,gcloud,8-march-2012,50,please resolve it.
9771476,open,high,chrome,14-august-2009,45,why is your product not secure?
209331368,open,low,nexus,27-april-2008,35,how much time will it take?
419786227,open,low,chrome,28-april-2010,50,okay it just stopped working. no problem.
761855728,open,low,drive,5-february-2011,15,please resolve it.
203013322,open,high,android,27-may-2011,50,okay it just stopped working. no problem.
66908521,open,high,alphabet,8-september-2012,10,please resolve it.
699776713,open,medium,nexus,26-november-2007,20,why is your product not secure?
613950305,closed,high,gcloud,13-october-2008,40,what is the status now?
293460091,open,high,alphabet,30-july-2008,40,how much time will it take?
383960412,open,medium,youtube,28-december-2009,60,what went wrong?
902863874,closed,medium,gmail,2-february-2013,25,something went wrong now i need this urgently.
359013538,closed,low,android,22-february-2007,55,what kinda product did you make?
987359760,open,high,alphabet,14-may-2015,40,what is the status now?
604507193,open,medium,alphabet,1-december-2008,30,what is the status now?
794027640,closed,high,chrome,10-april-2014,25,what is the status now?
371195942,open,high,chrome,4-september-2015,20,why is your product so faulty?
43353970,open,high,chrome,23-april-2008,5,what went wrong?
137226131,open,medium,alphabet,25-november-2016,25,why is your product not secure?
190194626,open,medium,google,2-march-2013,20,something went wrong now i need this urgently.
463778848,open,high,android,8-december-2010,5,what went wrong?
106668625,open,medium,nexus,4-june-2011,30,something went wrong now i need this urgently.
65566093,open,low,alphabet,9-june-2010,50,okay it just stopped working. no problem.
465864482,open,low,drive,3-december-2012,45,what kinda product did you make?
206496586,open,medium,google,12-may-2010,15,something went wrong now i need this urgently.
34829833,open,low,drive,24-january-2016,5,why is your product not secure?
819626410,open,low,gcloud,12-november-2013,35,please fix wifi services at the earliest
705651379,open,medium,calendar,16-august-2015,45,what went wrong?
307510077,open,medium,youtube,6-may-2013,20,what kinda product did you make?
699219987,open,medium,android,6-december-2008,50,what kinda product did you make?
866396004,open,high,chrome,7-june-2014,5,why is your product not secure?
577718056,closed,low,google,11-july-2009,30,what went wrong?
965620728,open,medium,google,25-january-2012,5,how much time will it take?
218640588,open,medium,alphabet,24-march-2014,30,please fix wifi services at the earliest
258718811,open,medium,google,12-january-2015,10,how much time will it take?
280707301,open,low,calendar,16-january-2016,55,what is the status now?
86888838,open,high,calendar,29-march-2014,15,something went wrong now i need this urgently.
612071711,open,medium,gmail,2-february-2016,5,why is your product so faulty?
517358826,open,medium,nexus,9-july-2013,35,what kinda product did you make?
998171885,open,high,android,25-february-2010,50,okay it just stopped working. no problem.
726181852,open,high,gmail,5-august-2016,20,what kinda product did you make?
50310086,open,medium,gcloud,9-july-2015,60,how much time will it take?
785286846,open,high,alphabet,22-june-2008,15,please fix wifi services at the earliest
921248541,open,medium,android,16-november-2011,15,why is your product not secure?
84583196,open,high,gcloud,1-april-2014,50,what is the status now?
298200078,open,high,youtube,23-august-2014,15,what is the status now?
18410472,open,low,calendar,29-october-2013,25,what is the status now?
101354280,open,medium,gmail,5-june-2015,20,what kinda product did you make?
758479704,open,medium,nexus,23-march-2011,40,okay it just stopped working. no problem.
28616615,open,low,android,21-may-2010,45,what kinda product did you make?
626138955,open,medium,nexus,24-november-2011,25,please fix wifi services at the earliest
802438800,open,medium,android,28-november-2010,55,what kinda product did you make?
502676150,open,high,gmail,8-may-2015,15,why is your product so faulty?
383866430,open,high,youtube,10-september-2016,25,please fix wifi services at the earliest
990087184,open,low,gcloud,11-december-2013,30,okay it just stopped working. no problem.
950561928,open,medium,chrome,11-january-2014,60,why is your product so faulty?
333016205,open,high,android,30-august-2010,60,what went wrong?
984461367,open,medium,gcloud,3-august-2012,30,please fix wifi services at the earliest
749527093,closed,high,drive,16-june-2014,10,why is your product so faulty?
502070393,open,low,alphabet,25-june-2007,45,please fix wifi services at the earliest
906536222,closed,medium,gmail,14-january-2013,30,something went wrong now i need this urgently.
680753220,open,low,drive,19-july-2015,15,please resolve it.
17091750,open,high,youtube,28-april-2015,50,how much time will it take?
826750129,open,high,calendar,23-august-2016,35,please fix wifi services at the earliest
923744726,open,low,chrome,20-july-2010,20,what kinda product did you make?
32417184,open,medium,gcloud,8-january-2013,50,something went wrong now i need this urgently.
483469169,open,medium,gcloud,11-december-2007,45,okay it just stopped working. no problem.
719094418,open,low,nexus,25-april-2011,60,how much time will it take?
178814283,open,medium,youtube,19-february-2016,40,something went wrong now i need this urgently.
493173798,open,high,calendar,19-december-2011,20,something went wrong now i need this urgently.
931101490,open,low,android,8-november-2007,15,what kinda product did you make?
298191413,open,low,alphabet,4-january-2007,35,what went wrong?
66832057,open,high,chrome,4-july-2013,35,why is your product not secure?
211022299,open,low,gmail,30-may-2010,60,how much time will it take?
44979983,open,low,gcloud,17-march-2015,40,why is your product not secure?
765268781,open,medium,gcloud,9-february-2015,50,how much time will it take?
697848506,open,high,gcloud,6-october-2013,30,okay it just stopped working. no problem.
17900306,open,medium,chrome,24-june-2011,25,what is the status now?
474630776,open,low,chrome,11-july-2010,10,why is your product not secure?
82901095,closed,low,gmail,18-june-2010,35,something went wrong now i need this urgently.
696549110,open,low,gcloud,5-november-2016,35,okay it just stopped working. no problem.
464355904,open,medium,alphabet,22-august-2009,10,please fix wifi services at the earliest
998126998,open,medium,gmail,15-august-2008,10,why is your product not secure?
218743873,open,low,gcloud,13-february-2007,50,what kinda product did you make?
285942917,open,high,youtube,28-november-2015,20,why is your product so faulty?
737517724,open,medium,nexus,1-july-2014,25,what kinda product did you make?
488220735,open,low,gmail,26-september-2011,10,something went wrong now i need this urgently.
458728061,closed,high,drive,21-april-2010,20,what is the status now?
495938150,closed,low,chrome,12-january-2010,5,why is your product not secure?
8457667,open,high,alphabet,26-july-2013,45,what kinda product did you make?
13726646,open,high,calendar,10-november-2014,35,what went wrong?
67744488,open,medium,calendar,6-may-2008,30,why is your product not secure?
507629702,open,high,youtube,12-april-2008,5,what is the status now?
295009,open,medium,gmail,2-december-2010,60,please fix wifi services at the earliest
12354719,open,high,youtube,18-october-2011,20,what is the status now?
545589792,open,high,gmail,19-may-2014,5,something went wrong now i need this urgently.
271485080,open,medium,nexus,28-september-2016,5,how much time will it take?
987655113,open,low,youtube,1-june-2016,25,what kinda product did you make?
833264840,open,low,nexus,17-july-2007,40,okay it just stopped working. no problem.
627153539,open,medium,gmail,1-september-2007,15,okay it just stopped working. no problem.
832162287,open,low,calendar,22-september-2011,25,okay it just stopped working. no problem.
399540076,open,high,chrome,5-december-2013,5,why is your product so faulty?
232334605,open,low,calendar,27-august-2013,20,why is your product not secure?
325366597,open,low,youtube,3-march-2016,30,why is your product not secure?
892723112,open,medium,android,25-june-2015,50,why is your product not secure?
123204722,open,low,drive,28-may-2010,20,how much time will it take?
811940866,closed,low,alphabet,1-august-2012,10,what kinda product did you make?
160715006,open,medium,gmail,4-june-2013,50,what kinda product did you make?
734948416,open,medium,nexus,26-july-2014,15,why is your product so faulty?
558189013,closed,low,drive,20-january-2016,25,why is your product so faulty?
660316702,open,low,gcloud,23-march-2016,50,something went wrong now i need this urgently.
207697604,open,high,gcloud,24-march-2009,5,what is the status now?
480733466,open,medium,gcloud,6-march-2013,5,why is your product so faulty?
21912844,open,low,alphabet,4-march-2007,55,how much time will it take?
18186359,open,high,youtube,20-march-2012,45,why is your product so faulty?
799233684,open,high,chrome,6-april-2014,15,why is your product not secure?
52818917,open,low,youtube,26-november-2014,35,what went wrong?
664502800,open,medium,google,30-march-2008,5,why is your product so faulty?
854894462,open,high,gcloud,12-september-2011,45,what kinda product did you make?
377534698,open,low,google,12-march-2013,15,something went wrong now i need this urgently.
219848146,open,medium,android,17-march-2016,60,what is the status now?
107332567,open,medium,android,1-january-2016,15,how much time will it take?
762680169,open,low,chrome,23-december-2014,60,please resolve it.
684692771,open,high,calendar,22-april-2008,50,something went wrong now i need this urgently.
835905918,open,low,chrome,23-july-2014,10,what kinda product did you make?
870464948,open,low,android,9-august-2014,30,how much time will it take?
485463646,open,medium,alphabet,27-january-2009,20,please resolve it.
601509203,open,medium,chrome,26-october-2011,50,what went wrong?
319308631,open,medium,google,27-april-2014,30,what kinda product did you make?
358131386,open,high,chrome,1-february-2013,5,something went wrong now i need this urgently.
646252102,open,high,calendar,18-august-2016,55,what is the status now?
838925787,open,low,nexus,28-august-2008,55,what kinda product did you make?
345786668,open,high,chrome,13-june-2008,20,why is your product so faulty?
322850064,open,medium,gcloud,28-march-2009,55,what is the status now?
761812812,open,medium,youtube,19-august-2014,55,how much time will it take?
682976442,open,low,gcloud,28-september-2016,25,why is your product not secure?
22178047,open,low,chrome,15-november-2007,5,something went wrong now i need this urgently.
132036858,closed,high,gmail,14-january-2007,50,why is your product so faulty?
875295032,open,low,drive,5-september-2015,5,what kinda product did you make?
924801877,open,low,google,21-april-2011,30,please fix wifi services at the earliest
344446576,open,low,google,3-june-2008,30,what kinda product did you make?
859095656,open,medium,alphabet,29-october-2010,50,please fix wifi services at the earliest
347118160,open,medium,gmail,2-november-2010,50,what is the status now?
863090087,open,low,calendar,17-march-2009,50,what is the status now?
417383758,open,medium,nexus,24-october-2016,25,what is the status now?
367430645,open,low,alphabet,30-january-2015,45,what went wrong?
841834533,open,high,calendar,24-september-2016,60,please resolve it.
891292516,open,high,drive,10-october-2014,50,what went wrong?
515450386,open,medium,gcloud,3-november-2014,60,how much time will it take?
321851487,open,low,alphabet,11-december-2007,50,how much time will it take?
75563678,open,high,gcloud,20-may-2012,25,why is your product so faulty?
713639138,open,low,youtube,8-july-2013,55,okay it just stopped working. no problem.
687679710,open,medium,chrome,11-august-2016,40,what is the status now?
345211323,open,medium,alphabet,23-january-2012,30,please fix wifi services at the earliest
806720169,open,low,alphabet,6-october-2013,35,what is the status now?
505538317,open,low,android,5-november-2015,25,what kinda product did you make?
731967488,open,medium,android,29-january-2013,15,okay it just stopped working. no problem.
123749112,open,high,calendar,18-february-2015,10,why is your product not secure?
550892614,open,medium,chrome,14-october-2008,55,please fix wifi services at the earliest
823010273,open,low,calendar,22-september-2011,55,please resolve it.
136543152,open,high,calendar,9-june-2013,45,why is your product so faulty?
429801029,open,high,youtube,28-november-2007,40,okay it just stopped working. no problem.
29344386,open,high,calendar,3-december-2007,60,what kinda product did you make?
846271958,open,low,gcloud,29-march-2011,20,why is your product not secure?
129525516,open,low,android,22-september-2015,35,how much time will it take?
43178124,closed,medium,alphabet,24-may-2010,55,what is the status now?
955194732,open,medium,drive,7-october-2016,45,okay it just stopped working. no problem.
829785429,open,high,chrome,5-august-2011,20,why is your product not secure?
718523679,closed,medium,drive,27-march-2007,45,how much time will it take?
543246895,open,high,gcloud,28-april-2013,20,please resolve it.
275318628,open,medium,drive,28-may-2016,20,how much time will it take?
822069233,open,medium,calendar,8-january-2015,45,please fix wifi services at the earliest
218398760,open,medium,google,2-october-2007,15,why is your product so faulty?
184696225,open,low,calendar,24-june-2008,50,please fix wifi services at the earliest
828209944,open,high,calendar,9-october-2013,5,please fix wifi services at the earliest
235104523,open,low,gmail,4-february-2007,15,what kinda product did you make?
431016450,open,high,calendar,30-february-2011,50,why is your product not secure?
3086470,open,medium,alphabet,10-july-2007,5,what went wrong?
802148195,open,medium,google,14-august-2007,35,how much time will it take?
195958574,open,low,drive,28-january-2010,40,please fix wifi services at the earliest
831265918,open,low,nexus,27-may-2015,55,how much time will it take?
170388404,open,low,google,14-august-2013,15,how much time will it take?
153000821,open,low,youtube,9-september-2007,45,why is your product not secure?
258493786,open,medium,gcloud,18-january-2011,25,what kinda product did you make?
263810616,open,low,google,4-july-2007,40,how much time will it take?
466805859,open,low,nexus,12-september-2013,30,why is your product not secure?
645202513,open,high,android,20-september-2016,25,please fix wifi services at the earliest
904800817,open,low,youtube,28-september-2008,55,why is your product so faulty?
52646494,open,medium,alphabet,14-november-2013,55,what is the status now?
885699777,open,medium,chrome,28-september-2013,20,what went wrong?
945493635,open,medium,chrome,19-january-2007,20,okay it just stopped working. no problem.
180728635,open,low,gmail,19-november-2011,20,please resolve it.
166024101,open,low,google,13-february-2016,15,what went wrong?
939183394,open,low,android,5-december-2007,55,what went wrong?
6254467,open,medium,nexus,5-june-2007,50,what went wrong?
108400045,open,medium,drive,14-july-2009,10,what went wrong?
296638054,open,low,chrome,21-may-2015,20,what is the status now?
155438145,open,low,nexus,28-may-2016,25,okay it just stopped working. no problem.
506059130,closed,medium,calendar,5-april-2010,30,why is your product so faulty?
690111449,closed,low,nexus,21-february-2008,25,something went wrong now i need this urgently.
333726966,open,medium,gcloud,22-february-2016,45,please fix wifi services at the earliest
316840589,open,high,calendar,30-february-2010,45,how much time will it take?
545320586,open,medium,youtube,23-june-2008,10,please resolve it.
17309885,open,low,alphabet,6-december-2014,10,something went wrong now i need this urgently.
431212038,open,high,gcloud,25-january-2014,20,why is your product so faulty?
310123203,open,low,chrome,8-january-2007,55,okay it just stopped working. no problem.
148218653,open,low,calendar,5-april-2014,50,please resolve it.
23586320,open,low,calendar,16-february-2008,5,how much time will it take?
780345319,open,low,alphabet,9-march-2016,5,what is the status now?
580149777,open,medium,drive,30-february-2008,50,okay it just stopped working. no problem.
502023416,open,low,nexus,30-october-2010,35,how much time will it take?
417672072,open,medium,youtube,2-march-2010,25,why is your product so faulty?
470976764,open,high,drive,19-february-2014,20,why is your product not secure?
469269023,open,low,youtube,1-january-2010,40,what is the status now?
130901633,open,medium,gmail,18-december-2015,15,how much time will it take?
481326313,open,medium,drive,22-june-2008,35,okay it just stopped working. no problem.
951238813,open,high,gmail,1-may-2009,15,how much time will it take?
724694083,open,medium,calendar,16-january-2007,10,something went wrong now i need this urgently.
94154074,open,medium,google,8-june-2010,15,what kinda product did you make?
123100732,open,high,alphabet,27-december-2008,30,please fix wifi services at the earliest
571851392,open,medium,calendar,21-december-2008,25,something went wrong now i need this urgently.
697538878,open,low,gmail,19-august-2016,25,why is your product so faulty?
209026777,open,high,google,25-july-2012,45,why is your product so faulty?
57116474,open,low,youtube,27-june-2016,30,what is the status now?
335322395,open,high,calendar,16-september-2010,5,what went wrong?
330588737,open,medium,alphabet,20-march-2012,55,something went wrong now i need this urgently.
752027139,open,medium,drive,25-july-2008,55,what is the status now?
62158824,open,low,android,18-november-2010,20,why is your product so faulty?
842217686,open,low,calendar,25-september-2015,60,what is the status now?
626136053,closed,low,gcloud,30-december-2009,50,how much time will it take?
143932916,open,high,nexus,3-october-2008,60,why is your product so faulty?
519235463,open,low,nexus,20-december-2016,50,what went wrong?
990687682,open,medium,gmail,28-november-2009,25,how much time will it take?
990608996,open,low,google,21-january-2008,40,why is your product not secure?
392042211,open,low,gmail,16-february-2007,35,how much time will it take?
436877982,closed,medium,alphabet,2-september-2012,55,please fix wifi services at the earliest
998256877,open,low,calendar,8-march-2014,15,why is your product so faulty?
380046550,open,medium,drive,25-april-2009,30,what is the status now?
212993806,open,low,drive,12-november-2009,60,why is your product not secure?
74374582,open,low,calendar,22-october-2010,10,please fix wifi services at the earliest
225627541,open,medium,youtube,28-september-2007,40,why is your product so faulty?
444298961,open,low,chrome,28-september-2010,20,why is your product not secure?
232970515,open,medium,alphabet,1-december-2011,45,please resolve it.
499684411,open,medium,alphabet,13-july-2011,60,how much time will it take?
730268715,open,low,android,26-may-2011,55,what is the status now?
538545324,open,high,youtube,28-august-2008,10,what went wrong?
3518948,open,medium,calendar,27-april-2012,10,what is the status now?
827910826,open,high,google,28-january-2008,40,what went wrong?
203706803,open,medium,youtube,8-october-2015,55,why is your product so faulty?
174425673,open,low,gcloud,26-march-2007,30,something went wrong now i need this urgently.
772020848,open,medium,google,28-april-2010,60,what is the status now?
87184890,open,high,google,5-july-2013,50,how much time will it take?
43768505,open,medium,gcloud,21-october-2010,50,what kinda product did you make?
631794670,open,high,drive,8-may-2013,20,what kinda product did you make?
292594698,open,low,google,20-may-2008,25,what kinda product did you make?
614579989,open,high,nexus,13-january-2007,40,please resolve it.
176802399,open,high,nexus,7-january-2008,45,why is your product not secure?
118627895,open,low,youtube,29-november-2012,10,please fix wifi services at the earliest
644444899,open,medium,calendar,17-march-2008,5,why is your product so faulty?
893916966,open,high,gmail,9-june-2008,45,how much time will it take?
890934445,open,low,gcloud,28-october-2014,45,how much time will it take?
326611450,open,high,google,24-october-2007,45,how much time will it take?
761553240,open,low,alphabet,11-september-2008,10,please resolve it.
265744614,open,medium,gcloud,1-september-2016,5,something went wrong now i need this urgently.
60789306,open,high,drive,2-february-2009,45,please fix wifi services at the earliest
736651693,open,low,google,25-august-2008,60,please fix wifi services at the earliest
175753125,open,high,calendar,22-february-2013,25,what went wrong?
56912990,open,high,gcloud,27-july-2013,10,what kinda product did you make?
168095161,open,high,gcloud,27-april-2015,35,please fix wifi services at the earliest
306026446,open,medium,drive,27-september-2015,15,okay it just stopped working. no problem.
613298037,open,low,nexus,24-october-2008,15,what went wrong?
953673883,open,low,gcloud,24-november-2014,60,something went wrong now i need this urgently.
126180201,open,medium,drive,26-april-2015,35,what kinda product did you make?
340394320,closed,low,calendar,3-june-2016,30,please resolve it.
174894611,open,high,calendar,16-october-2016,35,how much time will it take?
266956355,open,medium,chrome,4-february-2016,55,something went wrong now i need this urgently.
690989676,open,medium,youtube,21-april-2011,35,how much time will it take?
770385504,open,high,nexus,6-may-2015,55,okay it just stopped working. no problem.
384597514,closed,medium,chrome,17-september-2012,30,what went wrong?
452946246,open,low,android,30-march-2014,30,what is the status now?
561736859,open,high,alphabet,3-august-2014,50,why is your product not secure?
967650033,open,high,calendar,9-march-2009,25,what went wrong?
138545658,open,low,nexus,16-august-2009,50,what went wrong?
319257918,open,low,android,3-march-2016,15,what is the status now?
763617016,open,high,android,23-january-2013,25,please fix wifi services at the earliest
195620422,open,high,youtube,17-april-2015,60,why is your product not secure?
174208155,closed,low,alphabet,30-july-2012,35,how much time will it take?
463807235,open,medium,google,3-september-2007,45,okay it just stopped working. no problem.
683951997,open,high,google,8-june-2012,45,what is the status now?
193462880,open,low,nexus,16-september-2007,20,what kinda product did you make?
190133823,open,low,nexus,9-november-2013,40,why is your product not secure?
207590181,open,medium,youtube,19-june-2009,25,why is your product not secure?
499298507,open,medium,alphabet,1-december-2015,40,please fix wifi services at the earliest
35563817,closed,high,android,26-june-2013,20,okay it just stopped working. no problem.
369429250,closed,high,gmail,20-september-2016,5,please resolve it.
279326658,open,medium,android,29-march-2011,5,what went wrong?
823399163,open,low,gcloud,23-may-2014,15,something went wrong now i need this urgently.
490448216,open,low,calendar,19-december-2007,35,okay it just stopped working. no problem.
975005227,open,medium,chrome,13-march-2014,55,why is your product so faulty?
442271059,open,high,gcloud,8-january-2008,55,please resolve it.
847917095,open,high,youtube,4-january-2016,50,what is the status now?
287029574,closed,low,gmail,7-may-2008,20,please fix wifi services at the earliest
67771001,open,low,youtube,27-october-2016,15,why is your product so faulty?
141891435,closed,medium,alphabet,5-september-2013,45,what is the status now?
972039811,open,low,calendar,13-april-2008,55,something went wrong now i need this urgently.
395595521,open,low,youtube,8-september-2010,35,why is your product so faulty?
55423543,open,high,gcloud,16-january-2009,55,what is the status now?
775707998,open,high,calendar,23-may-2007,30,what went wrong?
822472411,open,medium,alphabet,11-may-2014,20,something went wrong now i need this urgently.
160402721,open,low,youtube,8-february-2007,10,something went wrong now i need this urgently.
327413261,open,low,gcloud,13-september-2014,15,why is your product not secure?
922105083,open,low,google,8-may-2010,45,something went wrong now i need this urgently.
660938575,open,high,chrome,25-january-2007,40,something went wrong now i need this urgently.
292198919,open,medium,gcloud,29-august-2011,55,how much time will it take?
817013889,open,medium,google,16-january-2015,15,what kinda product did you make?
557995689,open,low,drive,30-september-2012,15,why is your product not secure?
144109353,open,medium,drive,18-february-2016,25,what is the status now?
243302458,open,medium,alphabet,6-october-2008,25,okay it just stopped working. no problem.
392782693,open,high,alphabet,20-march-2014,10,please fix wifi services at the earliest
592784196,open,low,gcloud,16-may-2007,25,please fix wifi services at the earliest
357037063,open,high,calendar,1-july-2015,30,what went wrong?
221672002,open,high,google,13-may-2014,25,okay it just stopped working. no problem.
47319701,closed,high,android,15-february-2010,5,please fix wifi services at the earliest
41901146,open,low,android,25-may-2009,15,okay it just stopped working. no problem.
218808742,open,medium,chrome,25-april-2009,40,what kinda product did you make?
902328135,open,low,google,28-february-2009,15,why is your product so faulty?
232036438,open,high,alphabet,1-january-2015,10,something went wrong now i need this urgently.
998590591,open,low,android,10-december-2013,30,why is your product not secure?
105598923,open,low,youtube,20-march-2012,20,something went wrong now i need this urgently.
715292454,open,low,youtube,28-september-2007,15,what is the status now?
1439049,closed,high,gmail,17-june-2015,55,please fix wifi services at the earliest
193047190,open,low,nexus,25-august-2010,50,what kinda product did you make?
342103538,open,medium,chrome,17-march-2010,10,what went wrong?
66988629,open,high,drive,10-july-2011,40,what is the status now?
632390885,open,medium,gmail,5-january-2007,40,why is your product so faulty?
614371691,open,medium,drive,17-august-2014,25,okay it just stopped working. no problem.
839483539,open,medium,gcloud,1-june-2012,5,what is the status now?
335423095,open,low,google,27-september-2014,5,why is your product not secure?
590971476,closed,low,chrome,9-march-2009,40,please fix wifi services at the earliest
81937464,open,high,google,3-september-2015,5,okay it just stopped working. no problem.
97050467,open,low,google,11-august-2016,5,how much time will it take?
100984706,open,low,chrome,26-april-2015,30,please fix wifi services at the earliest
876373998,open,low,android,3-january-2010,25,why is your product not secure?
783002464,open,medium,drive,27-may-2015,10,something went wrong now i need this urgently.
87815278,open,medium,alphabet,6-february-2009,5,what kinda product did you make?
23431018,open,high,android,25-march-2007,50,please resolve it.
69334003,open,low,gcloud,8-june-2016,45,what went wrong?
475690295,open,high,gmail,15-may-2009,60,why is your product so faulty?
673961298,open,medium,youtube,27-april-2011,20,what went wrong?
713941458,closed,medium,google,2-june-2014,10,please fix wifi services at the earliest
797344537,open,medium,google,17-december-2012,10,please resolve it.
91413389,open,medium,drive,12-november-2007,40,what went wrong?
969397821,closed,low,gmail,27-october-2007,35,why is your product not secure?
586437998,open,high,gmail,10-july-2013,25,something went wrong now i need this urgently.
439200886,open,low,drive,5-may-2011,40,how much time will it take?
493717247,open,low,nexus,24-january-2007,60,what went wrong?
116730437,open,high,chrome,11-october-2009,10,how much time will it take?
982526844,open,high,gmail,7-may-2013,15,what is the status now?
312877729,open,low,youtube,10-november-2015,35,please fix wifi services at the earliest
110066445,open,high,calendar,8-march-2015,15,please resolve it.
203812975,closed,medium,gcloud,26-january-2008,45,what went wrong?
149528726,open,high,gcloud,1-december-2007,60,okay it just stopped working. no problem.
151188315,open,medium,android,29-march-2016,15,why is your product not secure?
728084008,open,medium,drive,10-june-2014,50,what went wrong?
555214198,open,low,android,20-january-2011,30,why is your product not secure?
436675868,closed,low,gmail,26-september-2012,50,what kinda product did you make?
825183548,open,low,android,3-august-2007,60,what is the status now?
599287720,open,medium,google,3-june-2015,20,why is your product not secure?
97237200,open,medium,drive,17-november-2012,40,okay it just stopped working. no problem.
763104636,open,high,alphabet,29-april-2009,5,how much time will it take?
181919427,open,medium,drive,15-april-2015,55,please fix wifi services at the earliest
221293326,open,low,chrome,9-october-2007,30,why is your product not secure?
381092397,open,high,gcloud,1-december-2015,20,please resolve it.
969680839,open,medium,drive,12-march-2009,45,please fix wifi services at the earliest
269569793,open,low,drive,13-january-2007,25,please fix wifi services at the earliest
623353868,open,high,gcloud,8-november-2014,20,please resolve it.
962888787,open,low,youtube,29-march-2007,10,why is your product not secure?
799345226,open,medium,youtube,8-december-2013,45,what is the status now?
125378385,open,high,gcloud,14-november-2012,45,why is your product so faulty?
214969797,open,medium,nexus,10-august-2015,30,C : Conversation with discovery is difficult ; E : See the Youtube Videos and try out the github link
171422430,open,low,google,25-july-2007,45,c : lan ports are getting difficult to connect ; E : Enter the proxy settings mentioned on company's intranet
883987087,open,high,youtube,3-october-2010,60,c : lan ports are getting difficult to connect ; E : Enter the proxy settings mentioned on company's intranet
83037546,open,high,calendar,1-december-2008,55,C :MATLAB license expiring in 10 days ; E :We will update the required
885198452,open,low,chrome,6-february-2010,25,C : Conversation with discovery is difficult ; E : See the Youtube Videos and try out the github link
69110271,open,medium,nexus,3-august-2016,5,c : my wifi services are down ; e : i will come and quickly fix it on table 36
880481702,open,medium,gmail,4-may-2008,45,c : my wifi services are down ; e : i will come and quickly fix it on table 36
144970280,open,high,calendar,20-march-2013,45,c : lan ports are getting difficult to connect ; E : Enter the proxy settings mentioned on company's intranet
218599173,open,low,gmail,27-august-2010,15,C : Conversation with discovery is difficult ; E : See the Youtube Videos and try out the github link
287057571,open,high,calendar,25-december-2015,5,c : lan ports are getting difficult to connect ; E : Enter the proxy settings mentioned on company's intranet
892119327,open,medium,gcloud,2-may-2013,30,c : lan ports are getting difficult to connect ; E : Enter the proxy settings mentioned on company's intranet
175079541,open,low,alphabet,13-may-2012,25,c : lan ports are getting difficult to connect ; E : Enter the proxy settings mentioned on company's intranet
80070492,open,high,calendar,18-november-2007,35,C :MATLAB license expiring in 10 days ; E :We will update the required
663222705,open,high,alphabet,10-october-2013,55,c : lan ports are getting difficult to connect ; E : Enter the proxy settings mentioned on company's intranet
531606222,open,medium,nexus,24-september-2009,60,c : lan ports are getting difficult to connect ; E : Enter the proxy settings mentioned on company's intranet
249349543,open,low,youtube,28-september-2010,55,C :MATLAB license expiring in 10 days ; E :We will update the required
501343916,open,medium,calendar,2-january-2015,45,C :MATLAB license expiring in 10 days ; E :We will update the required
675570920,open,low,android,30-february-2015,50,C : Conversation with discovery is difficult ; E : See the Youtube Videos and try out the github link
487602187,open,high,chrome,30-august-2009,25,c : lan ports are getting difficult to connect ; E : Enter the proxy settings mentioned on company's intranet
873193469,open,low,chrome,16-november-2016,35,C :MATLAB license expiring in 10 days ; E :We will update the required
390226918,open,medium,gcloud,23-january-2009,30,C :MATLAB license expiring in 10 days ; E :We will update the required
428528371,open,high,alphabet,24-april-2010,10,C : Please help me with sentiment analysis ; E : See Watson's documentaries 
533586406,open,medium,google,6-june-2011,15,c : lan ports are getting difficult to connect ; E : Enter the proxy settings mentioned on company's intranet
244857160,open,low,android,8-may-2009,55,C : Please help me with sentiment analysis ; E : See Watson's documentaries 
694708375,open,medium,alphabet,6-may-2013,5,C : Conversation with discovery is difficult ; E : See the Youtube Videos and try out the github link
670432073,open,high,calendar,22-october-2013,55,c : lan ports are getting difficult to connect ; E : Enter the proxy settings mentioned on company's intranet
419050809,closed,medium,alphabet,10-september-2008,30,C : Conversation with discovery is difficult ; E : See the Youtube Videos and try out the github link
839302698,open,medium,drive,10-january-2015,15,c : my wifi services are down ; e : i will come and quickly fix it on table 36
741638679,closed,high,calendar,1-february-2011,40,C :MATLAB license expiring in 10 days ; E :We will update the required
537519423,open,medium,alphabet,6-september-2007,10,C :MATLAB license expiring in 10 days ; E :We will update the required
92070593,closed,medium,drive,30-june-2007,15,C : Conversation with discovery is difficult ; E : See the Youtube Videos and try out the github link
582488689,open,low,chrome,12-august-2015,60,C :MATLAB license expiring in 10 days ; E :We will update the required
769210207,open,low,gmail,23-may-2011,25,C :MATLAB license expiring in 10 days ; E :We will update the required
31076078,open,medium,gcloud,27-september-2009,60,C : Conversation with discovery is difficult ; E : See the Youtube Videos and try out the github link
154998215,open,high,google,14-april-2010,20,c : lan ports are getting difficult to connect ; E : Enter the proxy settings mentioned on company's intranet
159357861,open,high,gcloud,5-november-2013,15,C :MATLAB license expiring in 10 days ; E :We will update the required
202727357,open,low,nexus,2-july-2007,10,c : my wifi services are down ; e : i will come and quickly fix it on table 36
74617660,open,high,calendar,2-july-2007,5,c : lan ports are getting difficult to connect ; E : Enter the proxy settings mentioned on company's intranet
44468304,open,high,gmail,16-march-2013,40,c : my wifi services are down ; e : i will come and quickly fix it on table 36
115296601,closed,high,gmail,29-december-2007,15,c : lan ports are getting difficult to connect ; E : Enter the proxy settings mentioned on company's intranet
423260675,open,low,alphabet,15-september-2008,20,C : Conversation with discovery is difficult ; E : See the Youtube Videos and try out the github link
97663794,open,low,android,30-may-2009,50,C :MATLAB license expiring in 10 days ; E :We will update the required
796681343,open,high,youtube,2-december-2010,15,C : Conversation with discovery is difficult ; E : See the Youtube Videos and try out the github link
213817575,open,low,nexus,23-january-2008,5,c : my wifi services are down ; e : i will come and quickly fix it on table 36
518401696,open,medium,gcloud,24-november-2013,45,C :MATLAB license expiring in 10 days ; E :We will update the required
499296775,open,high,youtube,3-december-2010,55,C :MATLAB license expiring in 10 days ; E :We will update the required
48460752,open,low,chrome,29-october-2015,50,c : my wifi services are down ; e : i will come and quickly fix it on table 36
489622446,open,medium,google,19-june-2011,15,C : Conversation with discovery is difficult ; E : See the Youtube Videos and try out the github link
417551821,open,low,android,21-december-2014,35,C : Please help me with sentiment analysis ; E : See Watson's documentaries 
632012714,open,low,youtube,6-june-2013,40,C : Please help me with sentiment analysis ; E : See Watson's documentaries 
189884785,open,medium,gcloud,27-july-2013,50,C :MATLAB license expiring in 10 days ; E :We will update the required
311686156,open,low,android,26-february-2013,20,c : my wifi services are down ; e : i will come and quickly fix it on table 36
580932070,open,high,calendar,26-june-2010,30,C :MATLAB license expiring in 10 days ; E :We will update the required
543796940,open,high,youtube,30-january-2013,55,C : Conversation with discovery is difficult ; E : See the Youtube Videos and try out the github link
88965376,open,medium,google,19-april-2009,60,C :MATLAB license expiring in 10 days ; E :We will update the required
169594466,open,low,nexus,28-march-2013,40,C :MATLAB license expiring in 10 days ; E :We will update the required
151170312,open,high,drive,4-june-2014,35,C : Conversation with discovery is difficult ; E : See the Youtube Videos and try out the github link
315901594,open,medium,calendar,28-february-2008,55,C : Conversation with discovery is difficult ; E : See the Youtube Videos and try out the github link
96647894,open,medium,gcloud,2-october-2011,5,c : my wifi services are down ; e : i will come and quickly fix it on table 36
18189839,open,medium,android,20-june-2008,60,C : Conversation with discovery is difficult ; E : See the Youtube Videos and try out the github link
987722164,open,high,calendar,2-november-2013,5,c : my wifi services are down ; e : i will come and quickly fix it on table 36
800447352,open,high,google,25-june-2012,55,c : my wifi services are down ; e : i will come and quickly fix it on table 36
992501833,open,low,youtube,3-july-2014,35,c : my wifi services are down ; e : i will come and quickly fix it on table 36
783122046,open,medium,calendar,13-march-2014,20,C : Conversation with discovery is difficult ; E : See the Youtube Videos and try out the github link
457384565,open,low,nexus,6-august-2008,10,C :MATLAB license expiring in 10 days ; E :We will update the required
234295467,open,medium,calendar,8-november-2013,25,C :MATLAB license expiring in 10 days ; E :We will update the required
555501256,open,low,alphabet,24-june-2016,15,c : my wifi services are down ; e : i will come and quickly fix it on table 36
684971715,open,high,nexus,2-october-2010,50,C : Please help me with sentiment analysis ; E : See Watson's documentaries 
643465975,open,high,gcloud,26-august-2011,60,C : Conversation with discovery is difficult ; E : See the Youtube Videos and try out the github link
96718394,open,high,nexus,12-june-2011,20,c : lan ports are getting difficult to connect ; E : Enter the proxy settings mentioned on company's intranet
243198813,open,high,nexus,4-november-2014,20,c : my wifi services are down ; e : i will come and quickly fix it on table 36
503132782,closed,high,youtube,20-may-2007,25,c : lan ports are getting difficult to connect ; E : Enter the proxy settings mentioned on company's intranet
94852792,closed,low,chrome,2-august-2013,45,c : my wifi services are down ; e : i will come and quickly fix it on table 36
835462167,open,medium,drive,29-july-2016,35,c : my wifi services are down ; e : i will come and quickly fix it on table 36
994703851,open,low,gmail,19-july-2014,35,C : Conversation with discovery is difficult ; E : See the Youtube Videos and try out the github link
960433765,open,medium,alphabet,24-december-2011,25,C : Conversation with discovery is difficult ; E : See the Youtube Videos and try out the github link
27307273,open,low,drive,25-november-2009,10,c : lan ports are getting difficult to connect ; E : Enter the proxy settings mentioned on company's intranet
319875816,open,high,chrome,5-march-2012,45,c : lan ports are getting difficult to connect ; E : Enter the proxy settings mentioned on company's intranet
845172658,open,medium,youtube,8-november-2012,20,C :MATLAB license expiring in 10 days ; E :We will update the required
655655118,open,low,alphabet,1-april-2008,40,c : lan ports are getting difficult to connect ; E : Enter the proxy settings mentioned on company's intranet
456849178,open,high,alphabet,15-march-2007,55,C :MATLAB license expiring in 10 days ; E :We will update the required
543797711,closed,high,youtube,18-june-2007,10,c : my wifi services are down ; e : i will come and quickly fix it on table 36
285268497,open,medium,android,26-february-2013,30,C : Please help me with sentiment analysis ; E : See Watson's documentaries 
70516997,open,medium,google,17-april-2007,5,C : Please help me with sentiment analysis ; E : See Watson's documentaries 
138792407,open,medium,gmail,27-november-2013,5,C : Conversation with discovery is difficult ; E : See the Youtube Videos and try out the github link
22193369,open,high,youtube,19-december-2016,5,C : Conversation with discovery is difficult ; E : See the Youtube Videos and try out the github link
731893931,closed,low,calendar,2-march-2009,25,c : my wifi services are down ; e : i will come and quickly fix it on table 36
899304818,open,low,alphabet,5-july-2010,55,c : lan ports are getting difficult to connect ; E : Enter the proxy settings mentioned on company's intranet
911446563,closed,medium,calendar,14-november-2010,5,c : lan ports are getting difficult to connect ; E : Enter the proxy settings mentioned on company's intranet
766092490,open,high,nexus,13-december-2007,50,c : lan ports are getting difficult to connect ; E : Enter the proxy settings mentioned on company's intranet
400505639,open,medium,calendar,28-november-2011,50,C : Please help me with sentiment analysis ; E : See Watson's documentaries 
230476846,open,low,alphabet,22-march-2014,60,C : Conversation with discovery is difficult ; E : See the Youtube Videos and try out the github link
92525964,open,medium,alphabet,6-september-2016,55,C : Please help me with sentiment analysis ; E : See Watson's documentaries 
59652951,closed,high,youtube,28-february-2014,20,c : lan ports are getting difficult to connect ; E : Enter the proxy settings mentioned on company's intranet
58607027,open,low,drive,29-march-2016,40,c : my wifi services are down ; e : i will come and quickly fix it on table 36
682350732,open,high,gcloud,8-february-2009,10,c : lan ports are getting difficult to connect ; E : Enter the proxy settings mentioned on company's intranet
590735307,open,medium,nexus,30-june-2014,60,C : Conversation with discovery is difficult ; E : See the Youtube Videos and try out the github link
156669208,open,high,gmail,8-august-2013,25,C : Conversation with discovery is difficult ; E : See the Youtube Videos and try out the github link
31447375,open,high,android,6-august-2008,55,C :MATLAB license expiring in 10 days ; E :We will update the required
572747272,open,low,google,16-may-2016,20,C : Please help me with sentiment analysis ; E : See Watson's documentaries 
526226968,open,medium,gmail,15-april-2014,30,C : Please help me with sentiment analysis ; E : See Watson's documentaries 
285890699,closed,medium,alphabet,30-july-2009,45,C :MATLAB license expiring in 10 days ; E :We will update the required
494962576,open,medium,nexus,25-october-2013,60,c : my wifi services are down ; e : i will come and quickly fix it on table 36
130961354,open,low,chrome,12-june-2009,60,c : my wifi services are down ; e : i will come and quickly fix it on table 36
735914086,open,medium,gcloud,20-december-2010,45,c : my wifi services are down ; e : i will come and quickly fix it on table 36
195786339,open,medium,alphabet,11-may-2007,10,C : Conversation with discovery is difficult ; E : See the Youtube Videos and try out the github link
383371972,open,medium,nexus,30-may-2007,60,C : Conversation with discovery is difficult ; E : See the Youtube Videos and try out the github link
852840871,open,low,gmail,4-august-2012,60,C :MATLAB license expiring in 10 days ; E :We will update the required
614868147,closed,low,youtube,29-september-2015,50,C :MATLAB license expiring in 10 days ; E :We will update the required
218884637,open,high,android,23-june-2014,40,C : Please help me with sentiment analysis ; E : See Watson's documentaries 
38051334,open,medium,google,10-june-2014,40,C :MATLAB license expiring in 10 days ; E :We will update the required
105873341,open,high,google,16-november-2012,15,C :MATLAB license expiring in 10 days ; E :We will update the required
857744170,open,low,gcloud,5-march-2010,20,C : Please help me with sentiment analysis ; E : See Watson's documentaries 
354401071,open,high,alphabet,27-february-2007,25,C : Please help me with sentiment analysis ; E : See Watson's documentaries 
475597583,closed,high,android,28-april-2011,20,C : Conversation with discovery is difficult ; E : See the Youtube Videos and try out the github link
363022105,open,medium,nexus,15-april-2016,45,c : lan ports are getting difficult to connect ; E : Enter the proxy settings mentioned on company's intranet
820183423,open,high,gcloud,13-june-2009,5,c : my wifi services are down ; e : i will come and quickly fix it on table 36
608692781,open,medium,alphabet,28-april-2012,50,C : Please help me with sentiment analysis ; E : See Watson's documentaries 
184655608,open,high,alphabet,20-october-2011,5,C :MATLAB license expiring in 10 days ; E :We will update the required
10902815,open,medium,drive,3-november-2015,55,C : Please help me with sentiment analysis ; E : See Watson's documentaries 
449603566,open,low,chrome,11-july-2011,60,C : Please help me with sentiment analysis ; E : See Watson's documentaries 
784969908,open,medium,gcloud,16-june-2010,55,C : Conversation with discovery is difficult ; E : See the Youtube Videos and try out the github link
3906022,open,medium,gmail,17-march-2014,35,C : Conversation with discovery is difficult ; E : See the Youtube Videos and try out the github link
768830366,open,high,android,14-january-2014,10,C : Conversation with discovery is difficult ; E : See the Youtube Videos and try out the github link
877357309,open,medium,alphabet,2-december-2010,35,C :MATLAB license expiring in 10 days ; E :We will update the required
106981093,open,low,calendar,25-february-2013,60,C : Please help me with sentiment analysis ; E : See Watson's documentaries 
126971018,open,high,calendar,27-august-2010,25,C : Please help me with sentiment analysis ; E : See Watson's documentaries 
354205011,open,low,chrome,16-august-2007,60,c : lan ports are getting difficult to connect ; E : Enter the proxy settings mentioned on company's intranet
336720836,open,low,gmail,28-may-2007,35,c : lan ports are getting difficult to connect ; E : Enter the proxy settings mentioned on company's intranet
82076774,open,low,android,17-september-2012,50,C : Conversation with discovery is difficult ; E : See the Youtube Videos and try out the github link
73845529,open,high,youtube,4-february-2007,35,c : lan ports are getting difficult to connect ; E : Enter the proxy settings mentioned on company's intranet
979581660,open,medium,google,16-march-2009,40,C :MATLAB license expiring in 10 days ; E :We will update the required
706704326,open,medium,chrome,21-october-2013,15,c : lan ports are getting difficult to connect ; E : Enter the proxy settings mentioned on company's intranet
475369029,open,low,youtube,15-march-2008,30,C : Conversation with discovery is difficult ; E : See the Youtube Videos and try out the github link
55738090,open,medium,calendar,24-october-2010,40,C : Please help me with sentiment analysis ; E : See Watson's documentaries 
193950178,open,low,android,21-april-2011,35,C :MATLAB license expiring in 10 days ; E :We will update the required
994996829,open,medium,calendar,6-february-2008,60,C : Conversation with discovery is difficult ; E : See the Youtube Videos and try out the github link
932601413,open,low,chrome,9-march-2013,20,c : my wifi services are down ; e : i will come and quickly fix it on table 36
464145258,open,high,chrome,15-september-2009,55,c : my wifi services are down ; e : i will come and quickly fix it on table 36
18060499,open,medium,drive,13-september-2016,35,C :MATLAB license expiring in 10 days ; E :We will update the required
501939120,open,low,alphabet,24-january-2012,25,c : lan ports are getting difficult to connect ; E : Enter the proxy settings mentioned on company's intranet
3403934,open,low,chrome,8-august-2008,45,c : my wifi services are down ; e : i will come and quickly fix it on table 36
630398699,open,low,calendar,16-september-2013,25,C : Conversation with discovery is difficult ; E : See the Youtube Videos and try out the github link
715577964,open,high,google,12-september-2011,20,c : my wifi services are down ; e : i will come and quickly fix it on table 36
57673628,open,high,chrome,7-march-2012,50,C :MATLAB license expiring in 10 days ; E :We will update the required
738112819,closed,medium,google,9-september-2009,10,C :MATLAB license expiring in 10 days ; E :We will update the required
453173333,open,medium,gmail,28-november-2007,50,C : Please help me with sentiment analysis ; E : See Watson's documentaries 
166566593,open,medium,gcloud,16-february-2012,25,c : my wifi services are down ; e : i will come and quickly fix it on table 36
614438039,open,high,chrome,23-august-2007,50,c : my wifi services are down ; e : i will come and quickly fix it on table 36
842670720,closed,medium,google,30-march-2012,20,C : Conversation with discovery is difficult ; E : See the Youtube Videos and try out the github link
153581735,open,low,chrome,24-march-2016,30,c : my wifi services are down ; e : i will come and quickly fix it on table 36
204127370,open,high,android,12-march-2007,50,c : my wifi services are down ; e : i will come and quickly fix it on table 36
141849809,closed,low,gmail,28-march-2010,10,C : Conversation with discovery is difficult ; E : See the Youtube Videos and try out the github link
349067610,open,low,gcloud,12-september-2008,40,C : Conversation with discovery is difficult ; E : See the Youtube Videos and try out the github link
2414584,open,low,google,15-march-2016,45,C : Conversation with discovery is difficult ; E : See the Youtube Videos and try out the github link
272126599,open,medium,gmail,28-january-2012,60,C : Please help me with sentiment analysis ; E : See Watson's documentaries 
193509579,open,low,android,10-november-2007,35,c : lan ports are getting difficult to connect ; E : Enter the proxy settings mentioned on company's intranet
878837569,open,medium,drive,22-november-2014,5,C : Please help me with sentiment analysis ; E : See Watson's documentaries 
645264933,open,high,youtube,17-march-2014,20,C : Conversation with discovery is difficult ; E : See the Youtube Videos and try out the github link
796000065,open,medium,calendar,27-october-2011,25,c : lan ports are getting difficult to connect ; E : Enter the proxy settings mentioned on company's intranet
618973848,open,high,gcloud,5-august-2011,45,C :MATLAB license expiring in 10 days ; E :We will update the required
546769568,open,high,nexus,30-august-2012,25,C : Conversation with discovery is difficult ; E : See the Youtube Videos and try out the github link
581361465,open,medium,chrome,6-november-2014,15,C :MATLAB license expiring in 10 days ; E :We will update the required
428713944,open,medium,chrome,30-september-2014,10,C : Please help me with sentiment analysis ; E : See Watson's documentaries 
762073628,open,high,gcloud,8-may-2009,10,c : lan ports are getting difficult to connect ; E : Enter the proxy settings mentioned on company's intranet
244155625,open,medium,gmail,23-september-2007,20,c : lan ports are getting difficult to connect ; E : Enter the proxy settings mentioned on company's intranet
304582665,open,low,youtube,8-december-2013,55,c : my wifi services are down ; e : i will come and quickly fix it on table 36
359288778,open,high,google,9-february-2014,5,c : lan ports are getting difficult to connect ; E : Enter the proxy settings mentioned on company's intranet
188382428,open,low,android,22-october-2007,50,C :MATLAB license expiring in 10 days ; E :We will update the required
687937988,open,high,google,6-february-2007,10,c : lan ports are getting difficult to connect ; E : Enter the proxy settings mentioned on company's intranet
383183256,open,high,android,22-july-2008,10,c : lan ports are getting difficult to connect ; E : Enter the proxy settings mentioned on company's intranet
514149833,open,medium,alphabet,9-april-2009,15,C : Conversation with discovery is difficult ; E : See the Youtube Videos and try out the github link
679299143,open,high,android,15-june-2013,60,C : Conversation with discovery is difficult ; E : See the Youtube Videos and try out the github link
991241428,open,high,gcloud,23-august-2008,45,c : lan ports are getting difficult to connect ; E : Enter the proxy settings mentioned on company's intranet
338979866,open,low,chrome,27-june-2016,45,C : Please help me with sentiment analysis ; E : See Watson's documentaries 
280513516,open,medium,nexus,1-april-2014,5,C : My wifi is not working ; E : Did you try proxy ? ; C : Yes but did'nt help ; E : Ok let me see the records 
601852796,closed,high,youtube,30-december-2013,20,C : My wifi is not working ; E : Did you try proxy ? ; C : Yes but did'nt help ; E : Ok let me see the records 
555325696,open,low,gmail,7-june-2009,10,C : My wifi is not working ; E : Did you try proxy ? ; C : Yes but did'nt help ; E : Ok let me see the records 
213224179,open,medium,gcloud,14-august-2007,5,C : My wifi is not working ; E : Did you try proxy ? ; C : Yes but did'nt help ; E : Ok let me see the records 
672180408,closed,low,gcloud,26-september-2010,50,C : Please help me with sentiment analysis ; E : Did you try Watson Discovery ; C : How to distinguish between tickets in Watson Discovery? ; E : Will refer to our tech guys and get back to you!!
772551046,open,high,chrome,23-june-2011,35,C : Please help me with sentiment analysis ; E : Did you try Watson Discovery ; C : How to distinguish between tickets in Watson Discovery? ; E : Will refer to our tech guys and get back to you!!
672717277,open,low,alphabet,11-october-2010,15,C : My wifi is not working ; E : Did you try proxy ? ; C : Yes but did'nt help ; E : Ok let me see the records 
693856842,open,high,youtube,12-december-2015,15,C : Please help me with sentiment analysis ; E : Did you try Watson Discovery ; C : How to distinguish between tickets in Watson Discovery? ; E : Will refer to our tech guys and get back to you!!
672681877,open,low,drive,14-june-2010,60,C : Please help me with sentiment analysis ; E : Did you try Watson Discovery ; C : How to distinguish between tickets in Watson Discovery? ; E : Will refer to our tech guys and get back to you!!
938148605,open,high,drive,17-april-2009,60,C : My wifi is not working ; E : Did you try proxy ? ; C : Yes but did'nt help ; E : Ok let me see the records 
244602533,open,high,gmail,25-march-2010,50,C : My wifi is not working ; E : Did you try proxy ? ; C : Yes but did'nt help ; E : Ok let me see the records 
391829161,open,high,chrome,19-february-2012,20,C : My wifi is not working ; E : Did you try proxy ? ; C : Yes but did'nt help ; E : Ok let me see the records 
17848336,open,medium,chrome,5-august-2011,5,C : Please help me with sentiment analysis ; E : Did you try Watson Discovery ; C : How to distinguish between tickets in Watson Discovery? ; E : Will refer to our tech guys and get back to you!!
435379575,open,high,nexus,11-june-2014,55,C : Please help me with sentiment analysis ; E : Did you try Watson Discovery ; C : How to distinguish between tickets in Watson Discovery? ; E : Will refer to our tech guys and get back to you!!
871423157,open,low,chrome,9-april-2013,5,C : My wifi is not working ; E : Did you try proxy ? ; C : Yes but did'nt help ; E : Ok let me see the records 
824463953,open,medium,nexus,25-june-2008,10,C : Please help me with sentiment analysis ; E : Did you try Watson Discovery ; C : How to distinguish between tickets in Watson Discovery? ; E : Will refer to our tech guys and get back to you!!
547863822,open,low,alphabet,21-may-2009,10,C : Please help me with sentiment analysis ; E : Did you try Watson Discovery ; C : How to distinguish between tickets in Watson Discovery? ; E : Will refer to our tech guys and get back to you!!
65356490,open,medium,nexus,4-march-2007,30,C : Please help me with sentiment analysis ; E : Did you try Watson Discovery ; C : How to distinguish between tickets in Watson Discovery? ; E : Will refer to our tech guys and get back to you!!
108652313,open,high,gcloud,21-july-2010,10,C : My wifi is not working ; E : Did you try proxy ? ; C : Yes but did'nt help ; E : Ok let me see the records 
20885056,open,low,drive,29-november-2012,20,C : Please help me with sentiment analysis ; E : Did you try Watson Discovery ; C : How to distinguish between tickets in Watson Discovery? ; E : Will refer to our tech guys and get back to you!!
48536880,open,high,calendar,25-august-2014,25,C : Please help me with sentiment analysis ; E : Did you try Watson Discovery ; C : How to distinguish between tickets in Watson Discovery? ; E : Will refer to our tech guys and get back to you!!
479215234,open,low,alphabet,3-february-2011,5,C : My wifi is not working ; E : Did you try proxy ? ; C : Yes but did'nt help ; E : Ok let me see the records 
633819950,closed,high,alphabet,10-may-2014,5,C : My wifi is not working ; E : Did you try proxy ? ; C : Yes but did'nt help ; E : Ok let me see the records 
94983412,open,high,android,2-december-2009,5,C : My wifi is not working ; E : Did you try proxy ? ; C : Yes but did'nt help ; E : Ok let me see the records 
872823810,open,high,google,22-june-2007,15,C : Hi  My LAN is not working ; E : Try instructions on intranet ; C : I already tried that ; E : Did you check your proxy settings ; C : It's fine ; E : Did you enter password correctly ; C : That's also fine  E : Whats's your laptop model ; C : HP laptop ; E : Did you search document for that model ; C : No ; E : Can you please check that ; C : Sure , I will ; E : Did you like the feedback ; C : Somewhat ; E : Please give a positive rating ; C : I face other technical issues ; E : Tell me ; C : I struggle with installing SQL on Fedora ; E : Try MariaDB